﻿<?xml version="1.0" encoding="UTF-8" standalone="yes"?>
<addon id="ike" name="[COLOR red][B]Ike.Repo[/B][/COLOR]" version="2.0" provider-name="[COLOR lime][B]IKE[/B][/COLOR]">
	<extension point="xbmc.addon.repository" name="ike">
		<info compressed="false">https://raw.github.com/ikesuncat/ike/master/addons.xml</info>
		<checksum>https://raw.github.com/ikesuncat/ike/master/addons.xml.md5</checksum>
		<datadir zip="true">https://github.com/ikesuncat/ike/master/repo/</datadir>
	</extension>
	<extension point="xbmc.addon.metadata">
		<summary>[COLOR blue][B]Ike.Repo[/B][/COLOR]</summary>
		<description>[COLOR red][B]Ike.Repo[/B][/COLOR]</description>
		<disclaimer></disclaimer>
		<platform>all</platform>
	</extension>
</addon>