<?xml version="1.0" encoding="utf-8"?>
<includes>
	<include name="LogoVertical">
		<control type="group">
			<visible>Control.IsVisible(730)</visible>
			<include>VisibleFadeEffect</include>
			<control type="wraplist" id="730">
				<posx>415r</posx>
				<posy>95</posy>
				<height>530</height>
				<width>450</width>
				<onleft>9000</onleft>
				<onright>60</onright>
				<onup>730</onup>
				<ondown>730</ondown>
				<pagecontrol>60</pagecontrol>
				<viewtype label="$LOCALIZE[31034]">list</viewtype>
				<orientation>vertical</orientation>
				<scrolltime>300</scrolltime>
				<focusposition>2</focusposition>
				<preloaditems>2</preloaditems>
				<visible>Container.Content(TVShows) | Container.Content(Movies) | Container.Content(Episodes) | Container.Content(Seasons) | Container.Content(MusicVideos) | SubString(Container.FolderPath,program.advanced.launcher)</visible>
				<itemlayout condition="!Skin.HasSetting(View730HideLogo) + !Container.Content(Episodes) + !Container.Content(Seasons)  + !SubString(Container.FolderPath,program.advanced.launcher)" width="380" height="140">
					<control type="image">
						<visible>!IsEmpty(ListItem.Title) + !IsEmpty(ListItem.Art(clearlogo))</visible>
						<posx>110</posx>
						<posy>0</posy>
						<width>200</width>
						<height>75</height>
						<texture background="true">$INFO[ListItem.Art(clearlogo)]</texture>
						<fadetime>300</fadetime>
						<aspectratio align="center" scalediffuse="false">keep</aspectratio>
						<animation effect="fade" start="60" end="60" time="0" condition="true">conditional</animation>
					</control>
					<control type="label">
						<visible>IsEmpty(ListItem.Title) | IsEmpty(ListItem.Art(clearlogo))</visible>
						<posx>50</posx>
						<posy>30</posy>
						<width>330</width>
						<height>89</height>
						<align>left</align>
						<font>font28_title</font>
						<textcolor>grey2</textcolor>
						<label>[B]$INFO[ListItem.Label][/B]</label>
					</control>
					<control type="group">
						<animation effect="fade" start="60" end="60" time="0" condition="true">conditional</animation>
						<control type="image">
							<posx>5</posx>
							<posy>5</posy>
							<width>37</width>
							<height>37</height>
							<texture diffuse="poster-diffuse.png">OverlayStatus/resumable/OverlayUnwatched.png</texture>
							<visible>ListItem.IsResumable</visible>
						</control>
						<control type="image">
							<posx>5</posx>
							<posy>5</posy>
							<width>37</width>
							<height>37</height>
							<texture diffuse="poster-diffuse.png">$VAR[PartlyWatched,OverlayStatus/resumable/,.png]</texture>
							<visible>ListItem.IsResumable</visible>
						</control>
						<control type="image">
							<posx>7</posx>
							<posy>16</posy>
							<width>30</width>
							<height>26</height>
							<texture>$VAR[WatchTypePath,OverlayStatus/]</texture>
							<visible>!ListItem.IsResumable</visible>
						</control>
						<visible>Window.IsVisible(Videos) + !IsEmpty(ListItem.Overlay) + !stringcompare(Skin.String(WatchStatusType),Hidden)</visible>
					</control>
				</itemlayout>
				<itemlayout condition="Skin.HasSetting(View730HideLogo) | Container.Content(Episodes) | Container.Content(Seasons)  | SubString(Container.FolderPath,program.advanced.launcher)" width="380" height="86">
					<control type="image">
						<visible>[Container.Content(Movies) | Container.Content(tvshows) | Container.Content(MusicVideos)] + !IsEmpty(ListItem.Title) + !IsEmpty(ListItem.Art(banner))</visible>
						<posx>0</posx>
						<posy>0</posy>
						<width>380</width>
						<height>85</height>
						<texture background="true">$INFO[ListItem.Art(banner)]</texture>
						<fadetime>300</fadetime>
						<aspectratio scalediffuse="false">stretch</aspectratio>
						<animation effect="fade" start="60" end="60" time="0" condition="true">conditional</animation>
					</control>
					<control type="label">
						<visible>Container.Content(episodes) + !IsEmpty(ListItem.Title)</visible>
						<posx>50</posx>
						<posy>30</posy>
						<width>330</width>
						<height>89</height>
						<align>left</align>
						<font>font28_title</font>
						<textcolor>grey2</textcolor>
						<label>[B]$LOCALIZE[20359] $INFO[ListItem.Episode][/B]</label>
					</control>
					<control type="label">
						<visible>IsEmpty(ListItem.Title) | Container.Content(Seasons) | [IsEmpty(ListItem.Art(banner)) + !Container.Content(episodes)]</visible>
						<posx>50</posx>
						<posy>30</posy>
						<width>330</width>
						<height>89</height>
						<align>left</align>
						<font>font28_title</font>
						<textcolor>grey2</textcolor>
						<label>[B]$INFO[ListItem.Label][/B]</label>
					</control>
					<control type="group">
						<animation effect="fade" start="60" end="60" time="0" condition="true">conditional</animation>
						<control type="image">
							<posx>5</posx>
							<posy>5</posy>
							<width>37</width>
							<height>37</height>
							<texture diffuse="poster-diffuse.png">OverlayStatus/resumable/OverlayUnwatched.png</texture>
							<visible>ListItem.IsResumable</visible>
						</control>
						<control type="image">
							<posx>5</posx>
							<posy>5</posy>
							<width>37</width>
							<height>37</height>
							<texture diffuse="poster-diffuse.png">$VAR[PartlyWatched,OverlayStatus/resumable/,.png]</texture>
							<visible>ListItem.IsResumable</visible>
						</control>
						<control type="image">
							<posx>7</posx>
							<posy>16</posy>
							<width>30</width>
							<height>26</height>
							<texture>$VAR[WatchTypePath,OverlayStatus/]</texture>
							<visible>!ListItem.IsResumable</visible>
						</control>
						<visible>Window.IsVisible(Videos) + !IsEmpty(ListItem.Overlay) + !stringcompare(Skin.String(WatchStatusType),Hidden)</visible>
					</control>
				</itemlayout>
				<focusedlayout condition="!Skin.HasSetting(View730HideLogo) + !Container.Content(Episodes) + !Container.Content(Seasons)  + !SubString(Container.FolderPath,program.advanced.launcher)" width="380" height="140">
					<control type="image">
						<visible>!IsEmpty(ListItem.Title) + !IsEmpty(ListItem.Art(clearlogo))</visible>
						<posx>85</posx>
						<posy>7</posy>
						<width>250</width>
						<height>95</height>
						<texture background="true">$INFO[ListItem.Art(clearlogo)]</texture>
						<fadetime>200</fadetime>
						<aspectratio align="center" scalediffuse="false">keep</aspectratio>
						<animation type="Focus" reversible="false">
							<effect type="zoom" center="auto" start="51" end="100" time="450" tween="back" easing="out" />
						</animation>
					</control>
					<control type="label">
						<visible>IsEmpty(ListItem.Title) | IsEmpty(ListItem.Art(clearlogo))</visible>
						<posx>70</posx>
						<posy>30</posy>
						<width>270</width>
						<height>89</height>
						<align>left</align>
						<aligny>bottom</aligny>
						<font>font28_title</font>
						<textcolor>white</textcolor>
						<label>[B]$INFO[ListItem.Label][/B]</label>
						<animation type="Focus" reversible="false">
							<effect type="zoom" center="auto" start="100" end="125" time="450" tween="back" easing="out" />
						</animation>
					</control>
					<control type="group">
						<control type="image">
							<posx>5</posx>
							<posy>5</posy>
							<width>42</width>
							<height>42</height>
							<texture diffuse="poster-diffuse.png">OverlayStatus/resumable/OverlayUnwatched.png</texture>
							<visible>ListItem.IsResumable</visible>
						</control>
						<control type="image">
							<posx>5</posx>
							<posy>5</posy>
							<width>42</width>
							<height>42</height>
							<texture diffuse="poster-diffuse.png">$VAR[PartlyWatched,OverlayStatus/resumable/,.png]</texture>
							<visible>ListItem.IsResumable</visible>
						</control>
						<control type="image">
							<posx>7</posx>
							<posy>16</posy>
							<width>35</width>
							<height>31</height>
							<texture>$VAR[WatchTypePath,OverlayStatus/]</texture>
							<visible>!ListItem.IsResumable</visible>
						</control>
						<visible>Window.IsVisible(Videos) + !IsEmpty(ListItem.Overlay) + !stringcompare(Skin.String(WatchStatusType),Hidden)</visible>
					</control>
				</focusedlayout>
				<focusedlayout condition="Skin.HasSetting(View730HideLogo) | Container.Content(Episodes) | Container.Content(Seasons)  | SubString(Container.FolderPath,program.advanced.launcher)" width="380" height="100">
					<control type="image">
						<visible>[Container.Content(Movies) | Container.Content(tvshows) | Container.Content(MusicVideos)] + !IsEmpty(ListItem.Title) + !IsEmpty(ListItem.Art(banner))</visible>
						<posx>0</posx>
						<posy>7</posy>
						<width>380</width>
						<height>85</height>
						<texture background="true">$INFO[ListItem.Art(banner)]</texture>
						<fadetime>200</fadetime>
						<aspectratio scalediffuse="false">stretch</aspectratio>
						<animation type="Focus" reversible="false">
							<effect type="zoom" center="auto" start="51" end="100" time="450" tween="back" easing="out" />
						</animation>
					</control>
					<control type="label">
						<visible>Container.Content(episodes) + !IsEmpty(ListItem.Title)</visible>
						<posx>70</posx>
						<posy>30</posy>
						<width>270</width>
						<height>89</height>
						<align>left</align>
						<aligny>bottom</aligny>
						<font>font28_title</font>
						<textcolor>white</textcolor>
						<label>[B]$LOCALIZE[20359] $INFO[ListItem.Episode][/B]</label>
						<animation type="Focus" reversible="false">
							<effect type="zoom" center="auto" start="100" end="125" time="450" tween="back" easing="out" />
						</animation>
					</control>
					<control type="label">
						<visible>
						IsEmpty(ListItem.Title) | Container.Content(Seasons) | [IsEmpty(ListItem.Art(banner)) + !Container.Content(episodes)]
						</visible>
						<posx>70</posx>
						<posy>30</posy>
						<width>270</width>
						<height>89</height>
						<align>left</align>
						<aligny>bottom</aligny>
						<font>font28_title</font>
						<textcolor>white</textcolor>
						<label>[B]$INFO[ListItem.Label][/B]</label>
						<animation type="Focus" reversible="false">
							<effect type="zoom" center="auto" start="100" end="125" time="450" tween="back" easing="out" />
						</animation>
					</control>
					<control type="group">
						<control type="image">
							<posx>5</posx>
							<posy>5</posy>
							<width>42</width>
							<height>42</height>
							<texture diffuse="poster-diffuse.png">OverlayStatus/resumable/OverlayUnwatched.png</texture>
							<visible>ListItem.IsResumable</visible>
						</control>
						<control type="image">
							<posx>5</posx>
							<posy>5</posy>
							<width>42</width>
							<height>42</height>
							<texture diffuse="poster-diffuse.png">$VAR[PartlyWatched,OverlayStatus/resumable/,.png]</texture>
							<visible>ListItem.IsResumable</visible>
						</control>
						<control type="image">
							<posx>7</posx>
							<posy>16</posy>
							<width>35</width>
							<height>31</height>
							<texture>$VAR[WatchTypePath,OverlayStatus/]</texture>
							<visible>!ListItem.IsResumable</visible>
						</control>
						<visible>Window.IsVisible(Videos) + !IsEmpty(ListItem.Overlay) + !stringcompare(Skin.String(WatchStatusType),Hidden)</visible>
					</control>
				</focusedlayout>
			</control>
			<control type="scrollbar" id="60">
				<posx>35r</posx>
				<posy>85</posy>
				<width>25</width>
				<height>550</height>
				<texturesliderbackground border="0,14,0,14">ScrollBarV.png</texturesliderbackground>
				<texturesliderbar border="0,14,0,14">ScrollBarV_bar.png</texturesliderbar>
				<texturesliderbarfocus border="0,14,0,14">ScrollBarV_bar_focus.png</texturesliderbarfocus>
				<textureslidernib>ScrollBarNib.png</textureslidernib>
				<textureslidernibfocus>ScrollBarNib.png</textureslidernibfocus>
				<onleft>730</onleft>
				<onright condition="Skin.HasSetting(DisableHomeReturnButtons)">9000</onright>
				<onright condition="!Skin.HasSetting(DisableHomeReturnButtons)">82</onright>
				<showonepage>true</showonepage>
				<orientation>vertical</orientation>
				<visible>Control.IsVisible(730)</visible>
			</control>
			<control type="group">
				<posx>45</posx>
				<posy>70</posy>
				<control type="image">
					<posx>0</posx>
					<posy>0</posy>
					<width>805</width>
					<height>451</height>
					<aspectratio scalediffuse="false">scale</aspectratio>
					<fadetime>IconCrossfadeTime</fadetime>
					<texture diffuse="Fanart_Diffuse.png" background="true" fallback="Fanart_Fallback_Small.jpg">$INFO[ListItem.Art(fanart)]</texture>
					<visible>![Container.Content(Episodes) + Skin.HasSetting(View730ShowThumb)]</visible>
					<visible>![Container.Content(Seasons) + !IsEmpty(ListItem.Art(season.fanart))]</visible>
				</control>
				<control type="image">
					<posx>0</posx>
					<posy>0</posy>
					<width>805</width>
					<height>451</height>
					<aspectratio scalediffuse="false">scale</aspectratio>
					<fadetime>IconCrossfadeTime</fadetime>
					<texture diffuse="Fanart_Diffuse.png" background="true" fallback="Fanart_Fallback_Small.jpg">$INFO[ListItem.Art(season.fanart)]</texture>
					<visible>Container.Content(Seasons) + !IsEmpty(ListItem.Art(season.fanart))</visible>
				</control>
				<control type="image">
					<posx>0</posx>
					<posy>0</posy>
					<width>805</width>
					<height>451</height>
					<aspectratio scalediffuse="false">scale</aspectratio>
					<fadetime>IconCrossfadeTime</fadetime>
					<texture diffuse="Fanart_Diffuse.png" background="true" fallback="Fanart_Fallback_Small.jpg">$INFO[ListItem.Art(thumb)]</texture>
					<visible>Container.Content(Episodes) + Skin.HasSetting(View730ShowThumb)</visible>
				</control>
				<control type="image">
					<posx>640</posx>
					<posy>335</posy>
					<width>161</width>
					<height>109</height>
					<aspectratio align="right" aligny="bottom">keep</aspectratio>
					<texture>$INFO[listitem.Studio,studios/,.png]</texture>
					<visible>!Container.Content(Seasons) + !Container.Content(Episodes)</visible>
				</control>
				<control type="image">
					<posx>625</posx>
					<posy>10</posy>
					<width>180</width>
					<height>440</height>
					<aspectratio align="right" aligny="bottom">keep</aspectratio>
					<fadetime>IconCrossfadeTime</fadetime>
					<texture background="true">$VAR[PosterThumb]</texture>
					<bordertexture border="8">ThumbShadow.png</bordertexture>
					<bordersize>8</bordersize>
					<visible>Container.Content(Seasons)</visible>
				</control>
				<control type="image">
					<posx>625</posx>
					<posy>10</posy>
					<width>180</width>
					<height>440</height>
					<aspectratio align="right" aligny="bottom">keep</aspectratio>
					<fadetime>IconCrossfadeTime</fadetime>
					<texture background="true">$INFO[ListItem.Art(tvshow.poster)]</texture>
					<bordertexture border="8">ThumbShadow.png</bordertexture>
					<bordersize>8</bordersize>
					<visible>Container.Content(Episodes)</visible>
				</control>
				<control type="grouplist">
					<description>Media Codec Flagging Images</description>
					<posx>5</posx>
					<posy>410</posy>
					<width>630</width>
					<align>left</align>
					<itemgap>2</itemgap>
					<orientation>horizontal</orientation>
					<include>VideoCodecFlaggingConditions</include>
					<include>AudioCodecFlaggingConditions</include>
					<include>AudioChannelsFlaggingConditions</include>
					<include>AspectCodecFlaggingConditions</include>
					<include>VideoTypeHackFlaggingConditions</include>
					<include>VideoMPAAFlaggingConditions</include>
					<visible>Container.Content(Movies)</visible>
				</control>
				<control type="label">
					<posx>10</posx>
					<posy>450</posy>
					<width>290</width>
					<height>25</height>
					<font>font13</font>
					<textcolor>white</textcolor>
					<shadowcolor>black</shadowcolor>
					<scroll>false</scroll>
					<align>left</align>
					<aligny>center</aligny>
					<label>[B][COLOR=$VAR[MainColorOne]]$LOCALIZE[2050]: [/COLOR][/B]$VAR[MediaRuntime]</label>
					<visible>!Container.Content(TVShows) + !IsEmpty(ListItem.Duration)</visible>
				</control>
				<control type="label">
					<posx>10</posx>
					<posy>450</posy>
					<width>290</width>
					<height>25</height>
					<font>font13</font>
					<textcolor>white</textcolor>
					<shadowcolor>black</shadowcolor>
					<scroll>false</scroll>
					<align>left</align>
					<aligny>center</aligny>
					<label>[B][COLOR=$VAR[MainColorOne]]$LOCALIZE[20360]: [/COLOR][/B]$INFO[listitem.episode]</label>
					<visible>[Container.Content(TVShows) | Container.Content(Seasons)] + !IsEmpty(ListItem.episode)</visible>
				</control>
				<control type="label">
					<posx>790</posx>
					<posy>450</posy>
					<width>490</width>
					<height>30</height>
					<font>font13</font>
					<textcolor>white</textcolor>
					<shadowcolor>black</shadowcolor>
					<scroll>false</scroll>
					<align>right</align>
					<aligny>center</aligny>
					<label>[B][COLOR=$VAR[MainColorOne]]$LOCALIZE[20339]: [/COLOR][/B]$INFO[ListItem.Director]</label>
					<visible>!IsEmpty(ListItem.Director)</visible>
				</control>
				<control type="label">
					<posx>790</posx>
					<posy>450</posy>
					<width>490</width>
					<height>30</height>
					<font>font13</font>
					<textcolor>white</textcolor>
					<shadowcolor>black</shadowcolor>
					<scroll>false</scroll>
					<align>right</align>
					<aligny>center</aligny>
					<label>[B][COLOR=$VAR[MainColorOne]]$LOCALIZE[31322]: [/COLOR][/B]$INFO[ListItem.Premiered]</label>
					<visible>IsEmpty(ListItem.Director) + !IsEmpty(ListItem.Premiered)</visible>
				</control>
				<control type="image">
					<posx>0</posx>
					<posy>480</posy>
					<width>805</width>
					<height>4</height>
					<texture>separator.png</texture>
				</control>
				<control type="textbox">
					<description>Description Value for Video</description>
					<posx>0</posx>
					<posy>490</posy>
					<width>805</width>
					<height>85</height>
					<font>font12</font>
					<align>justify</align>
					<textcolor>white</textcolor>
					<label>$VAR[VideoDescription]</label>
					<autoscroll time="1500" delay="3000" repeat="5000">Skin.HasSetting(AutoScroll)</autoscroll>
				</control>
				<visible>Control.IsVisible(730)</visible>
			</control>
		</control>
	</include>
</includes>