<?xml version="1.0" encoding="UTF-8" standalone="yes"?>
<addon id="p2p.fix.ike" name="[COLOR lime]P2p.Fix.Ike[/COLOR]" version="2.0.1" provider-name="[COLOR white]Ike[/COLOR]">
  <requires>
    <import addon="xbmc.python" version="2.1.0"/>
  </requires>
  <extension point="xbmc.python.pluginsource" library="default.py">
        <provides>program executable</provides>
  </extension>
  <extension point="xbmc.addon.metadata">
    <summary lang="en">P2p.Fix.Ike</summary>
    <description lang="en">P2p.Fix.Ike</description>
    <platform>all</platform>
  </extension>
</addon>
