<?xml version="1.0" encoding="UTF-8" standalone="yes"?>
<addon id="p2p.fix" name="[COLOR cyan]P2p.Fix.Ike[/COLOR]" version="2.0.2" provider-name="[COLOR wite]Ike[/COLOR]">
  <requires>
    <import addon="xbmc.python" version="2.1.0"/>
  </requires>
  <extension point="xbmc.python.pluginsource" library="default.py">
        <provides>program executable</provides>
  </extension>
  <extension point="xbmc.addon.metadata">
    <summary lang="en">Build.Março</summary>
    <description lang="en">Build.Março</description>
    <platform>all</platform>
  </extension>
</addon>
